layer,urls
1,https://www.playstation.com/country-selector/
1,https://www.playstation.com/zh-hant-tw/support/
1,https://www.playstation.com/zh-hant-tw/legal/privacy-policy/
1,https://www.playstation.com/zh-hant-tw/legal/website-terms-of-use/
1,https://www.playstation.com/zh-hant-tw/ps5/
1,https://www.playstation.com/zh-hant-tw/corporate/playstation-studios/
1,https://www.playstation.com/zh-hant-tw/legal/
1,https://www.playstation.com/zh-hant-tw/ps5/games/
1,https://www.playstation.com/zh-hant-tw/ps5/accessories/
1,https://www.playstation.com/zh-hant-tw/ps5/ps5-features/
1,https://www.playstation.com/zh-hant-tw/corporate/about-us/
1,https://www.playstation.com/zh-hant-tw/corporate/playstation-and-the-environment/
1,https://www.playstation.com/zh-hant-tw/legal/psn-terms-of-service/
1,https://tw.beanfun.com/
1,https://tw.beanfun.com/game_zone/
1,https://www.playstation.com/zh-hant-tw/ps5/ps5-entertainment/
1,https://www.playstation.com/zh-hant-tw/ps-plus/
1,https://www.playstation.com/zh-hant-tw/legal/playstation-store-cancellation-policy/
1,https://www.playstation.com/zh-hant-tw/legal/health-warning/
1,https://www.playstation.com/zh-hant-tw/legal/ratings/
1,https://tw.beanfun.com/sitemap.html
1,https://tw.beanfun.com/customerservice/www/main.aspx
1,https://www.playstation.com/zh-hant-tw/corporate/playstation-careers/
1,https://www.playstation.com/zh-hant-tw/legal/copyright-and-trademark-notice/
1,https://tw.beanfun.com/locales/TW/contents/privacy_policy.aspx
1,https://tw.beanfun.com/locales/TW/contents/terms_of_service.aspx
1,https://hackmd.io/
1,https://hackmd.io/settings/forgotPassword
1,https://www.playstation.com/zh-hant-tw/site-map/
1,https://www.playstation.com/
1,https://hackmd.io/s/terms
1,https://hackmd.io/auth/facebook
1,https://asia.sega.com/enquete/#tw
1,https://hackmd.io/auth/twitter
1,https://hackmd.io/auth/github
1,https://hackmd.io/auth/dropbox
1,https://hackmd.io/auth/google
1,https://hackmd.io/join
1,https://www.nintendo.tw/software/switch/index.html
1,https://www.nintendo.tw/index.html
1,https://www.i-gamer.net/reg.asp?register=new
1,https://www.i-gamer.net/reg.asp?register=login
1,https://www.i-gamer.net/web/?ch=new
1,https://www.i-gamer.net/mobile/
1,https://www.i-gamer.net/webgame
1,https://www.i-gamer.net/
1,https://www.i-gamer.net/site/1211.html
1,https://www.i-gamer.net/play/1211.html
1,https://www.i-gamer.net/site/9959.html
1,https://www.i-gamer.net/play/9959.html
1,https://www.i-gamer.net/site/1123.html
1,https://www.i-gamer.net/play/1123.html
1,https://www.i-gamer.net/site/10667.html
1,https://www.i-gamer.net/play/10667.html
1,https://www.i-gamer.net/site/6443.html
1,https://www.i-gamer.net/play/6443.html
1,https://www.i-gamer.net/site/8837.html
1,https://www.i-gamer.net/play/8837.html
1,https://www.i-gamer.net/site/4018.html
1,https://www.i-gamer.net/play/4018.html
1,https://www.i-gamer.net/site/2003.html
1,https://www.i-gamer.net/play/2003.html
1,https://www.i-gamer.net/site/668.html
1,https://www.i-gamer.net/play/668.html
1,https://www.i-gamer.net/site/19253.html
1,https://www.i-gamer.net/play/19253.html
1,https://www.i-gamer.net/site/19118.html
1,https://www.i-gamer.net/play/19118.html
1,https://www.i-gamer.net/site/15739.html
1,https://www.i-gamer.net/play/15739.html
1,https://www.i-gamer.net/?game=1&per=31
1,https://www.i-gamer.net/?game=1&per=32
1,https://www.i-gamer.net/?game=1&per=33
1,https://www.i-gamer.net/?game=1&per=34
1,https://www.i-gamer.net/?game=2&per=21
1,https://www.i-gamer.net/?game=2&per=22
1,https://www.i-gamer.net/?game=2&per=23
1,https://www.i-gamer.net/?game=2&per=24
1,https://www.i-gamer.net/?game=3&per=5
1,https://www.i-gamer.net/?game=3&per=6
1,https://www.i-gamer.net/?game=3&per=7
1,https://www.i-gamer.net/?game=4&per=11
1,https://www.i-gamer.net/?game=4&per=12
1,https://www.i-gamer.net/?game=4&per=13
1,https://www.i-gamer.net/?game=5&per=1
1,https://www.i-gamer.net/?game=5&per=2
1,https://www.i-gamer.net/?game=5&per=3
1,https://www.i-gamer.net/?game=5&per=4
1,https://www.i-gamer.net/?game=7&per=71
1,https://www.i-gamer.net/?game=7&per=72
1,https://www.i-gamer.net/?game=7&per=73
1,https://www.i-gamer.net/?game=7&per=74
1,https://www.i-gamer.net/?game=8&per=81
1,https://www.i-gamer.net/?game=8&per=82
1,https://www.i-gamer.net/?game=8&per=83
1,https://www.i-gamer.net/?game=8&per=84
1,https://www.i-gamer.net/ad_index.asp
1,https://www.i-gamer.net/copyright.htm
1,https://www.i-gamer.net/webgame/rule.htm
1,https://www.i-gamer.net/private.htm
1,https://www.i-gamer.net/ad_index.asp?ch=contact
1,https://www.hbo.com/
1,https://www.hbo.com/max
1,https://www.hbo.com/series
1,https://www.hbo.com/movies
1,https://www.hbo.com/whats-new-whats-leaving
1,https://www.hbo.com/schedule
1,https://www.hbo.com/documentaries
1,https://www.hbo.com/specials
1,https://www.hbo.com/sports
1,https://www.hbo.com/podcasts
1,https://www.hbo.com/game-of-thrones
1,https://www.hbo.com/game-of-thrones/season-1
1,https://www.hbo.com/game-of-thrones/season-2
1,https://www.hbo.com/game-of-thrones/season-3
1,https://www.hbo.com/game-of-thrones/season-4
1,https://www.hbo.com/game-of-thrones/season-5
1,https://www.hbo.com/game-of-thrones/season-6
1,https://www.hbo.com/game-of-thrones/season-7
1,https://www.hbo.com/game-of-thrones/season-8
1,https://www.hbo.com/game-of-thrones/cast-and-crew
1,https://www.hbo.com/house-of-the-dragon
1,https://www.hbo.com/game-of-thrones/the-iron-anniversary
1,https://www.hbo.com/watch-free-episodes
1,https://www.hbo.com/game-of-thrones/for-the-throne/reasons-to-start
1,https://www.hbo.com/game-of-thrones/cast-and-crew/daenerys-targaryen
1,https://www.hbo.com/game-of-thrones/cast-and-crew/tyrion-lannister
1,https://www.hbo.com/game-of-thrones/cast-and-crew/cersei-lannister
1,https://www.hbo.com/game-of-thrones/cast-and-crew/jaime-lannister
1,https://www.hbo.com/game-of-thrones/cast-and-crew/jon-snow
1,https://www.hbo.com/game-of-thrones/cast-and-crew/arya-stark
1,https://www.hbo.com/game-of-thrones/cast-and-crew/sansa-stark
1,https://www.hbo.com/game-of-thrones/season-1/1-winter-is-coming
1,https://www.hbo.com/game-of-thrones/season-1/2-the-kingsroad
1,https://www.hbo.com/game-of-thrones/season-1/3-lord-snow
1,https://www.hbo.com/game-of-thrones/season-1/4-cripples-bastards-and-broken-things
1,https://www.hbo.com/game-of-thrones/season-1/5-the-wolf-and-the-lion
1,https://www.hbo.com/game-of-thrones/season-1/6-a-golden-crown
1,https://www.hbo.com/game-of-thrones/season-1/7-you-win-or-you-die
1,https://www.hbo.com/game-of-thrones/season-1/8-the-pointy-end
1,https://www.hbo.com/game-of-thrones/season-1/9-baelor
1,https://www.hbo.com/game-of-thrones/season-1/10-fire-and-blood
1,https://www.hbo.com/watchmen
1,https://www.hbo.com/his-dark-materials
1,https://www.hbo.com/westworld
1,https://www.hbo.com/succession
1,https://www.hbo.com/rome
1,https://www.hbo.com/how-to-watch-hbo-max
1,https://www.hbo.com/about
1,https://www.hbo.com/ways-to-get
1,https://www.hbo.com/about/faqs
1,https://www.hbo.com/about/hbo-inspires
1,https://www.hbo.com/terms-of-use
